{
  "minelabs:atoms/obtain_aluminium": {
    "criteria": {
      "make_aluminium": "2023-03-09 17:41:28 +0100"
    },
    "done": true
  },
  "minelabs:basic/obtain_all_elementary_particles": {
    "criteria": {
      "obtain_positron": "2023-03-12 13:03:09 +0100",
      "obtain_upquark_red": "2023-03-09 17:41:28 +0100",
      "obtain_anti_downquark_red": "2023-03-09 17:41:28 +0100",
      "obtain_anti_upquark_blue": "2023-03-09 17:41:28 +0100",
      "obtain_electron": "2023-03-09 17:41:28 +0100",
      "obtain_anti_upquark_red": "2023-03-09 17:41:28 +0100",
      "obtain_anti_downquark_green": "2023-03-09 17:41:28 +0100",
      "obtain_anti_downquark_blue": "2023-03-09 17:41:28 +0100",
      "obtain_weak_boson": "2023-03-12 17:32:43 +0100",
      "obtain_gluon": "2023-03-09 17:41:28 +0100",
      "obtain_anti_upquark_green": "2023-03-09 17:41:28 +0100"
    },
    "done": false
  },
  "minecraft:recipes/misc/gold_ingot_from_smelting_gold_ore": {
    "criteria": {
      "has_gold_ore": "2022-10-11 20:27:21 +0200"
    },
    "done": true
  },
  "minecraft:recipes/building_blocks/polished_diorite_stairs_from_diorite_stonecutting": {
    "criteria": {
      "has_diorite": "2022-10-22 01:27:27 +0200"
    },
    "done": true
  },
  "minelabs:atoms/root_make_all_atoms": {
    "criteria": {
      "use_bohr_blueprint": "2023-03-09 17:41:28 +0100"
    },
    "done": true
  },
  "minelabs:basic/use_lewis_crafting_table": {
    "criteria": {
      "use_lewis_crafting_table": "2023-03-09 17:56:10 +0100"
    },
    "done": true
  },
  "minelabs:molecules/make_water": {
    "criteria": {
      "make_water": "2023-03-09 17:41:28 +0100"
    },
    "done": true
  },
  "minecraft:recipes/building_blocks/chiseled_stone_bricks": {
    "criteria": {
      "has_tag": "2023-03-09 17:48:19 +0100"
    },
    "done": true
  },
  "minecraft:recipes/building_blocks/stone_brick_slab_from_stone_bricks_stonecutting": {
    "criteria": {
      "has_stone_bricks": "2023-03-09 17:48:19 +0100"
    },
    "done": true
  },
  "minecraft:recipes/building_blocks/diorite_stairs_from_diorite_stonecutting": {
    "criteria": {
      "has_diorite": "2022-10-22 01:27:27 +0200"
    },
    "done": true
  },
  "minecraft:recipes/decorations/stone_brick_wall_from_stone_bricks_stonecutting": {
    "criteria": {
      "has_stone_bricks": "2023-03-09 17:48:19 +0100"
    },
    "done": true
  },
  "minecraft:recipes/redstone/slime_block": {
    "criteria": {
      "has_slime_ball": "2022-10-22 01:20:22 +0200"
    },
    "done": true
  },
  "minelabs:basic/hold_lasertool": {
    "criteria": {
      "hold_lasertool": "2023-03-09 17:41:28 +0100"
    },
    "done": true
  },
  "minelabs:basic/obtain_a_quark": {
    "criteria": {
      "obtain_a_quark": "2023-03-09 17:41:28 +0100"
    },
    "done": true
  },
  "minecraft:recipes/misc/diamond_from_blasting_diamond_ore": {
    "criteria": {
      "has_diamond_ore": "2022-10-11 20:29:50 +0200"
    },
    "done": true
  },
  "minecraft:recipes/misc/emerald_from_blasting_deepslate_emerald_ore": {
    "criteria": {
      "has_deepslate_emerald_ore": "2022-10-11 20:31:36 +0200"
    },
    "done": true
  },
  "minecraft:recipes/building_blocks/diorite_slab_from_diorite_stonecutting": {
    "criteria": {
      "has_diorite": "2022-10-22 01:27:27 +0200"
    },
    "done": true
  },
  "minecraft:recipes/building_blocks/chiseled_stone_bricks_from_stone_bricks_stonecutting": {
    "criteria": {
      "has_stone_bricks": "2023-03-09 17:48:19 +0100"
    },
    "done": true
  },
  "minecraft:recipes/building_blocks/polished_diorite_slab_from_polished_diorite_stonecutting": {
    "criteria": {
      "has_polished_diorite": "2022-10-21 18:08:45 +0200"
    },
    "done": true
  },
  "minecraft:recipes/misc/lapis_lazuli_from_blasting_deepslate_lapis_ore": {
    "criteria": {
      "has_deepslate_lapis_ore": "2022-10-11 20:31:38 +0200"
    },
    "done": true
  },
  "minecraft:recipes/decorations/chest": {
    "criteria": {
      "has_lots_of_items": "2022-10-11 20:26:20 +0200"
    },
    "done": true
  },
  "minecraft:recipes/transportation/mangrove_boat": {
    "criteria": {
      "in_water": "2022-10-21 18:07:41 +0200"
    },
    "done": true
  },
  "minelabs:basic/throw_erlenmeyer": {
    "criteria": {
      "place_erlenmeyer": "2023-03-12 12:51:48 +0100"
    },
    "done": true
  },
  "minelabs:basic/make_a_hadron": {
    "criteria": {
      "make_a_hadron": "2023-03-09 17:41:28 +0100"
    },
    "done": true
  },
  "minelabs:atoms/obtain_magnesium": {
    "criteria": {
      "make_magnesium": "2023-03-12 12:22:58 +0100"
    },
    "done": true
  },
  "minecraft:recipes/misc/white_dye": {
    "criteria": {
      "has_bone_meal": "2022-10-11 20:24:50 +0200"
    },
    "done": true
  },
  "minecraft:recipes/transportation/spruce_boat": {
    "criteria": {
      "in_water": "2022-10-21 18:07:41 +0200"
    },
    "done": true
  },
  "minecraft:recipes/building_blocks/cracked_stone_bricks": {
    "criteria": {
      "has_stone_bricks": "2023-03-09 17:48:19 +0100"
    },
    "done": true
  },
  "minecraft:recipes/building_blocks/oak_planks": {
    "criteria": {
      "has_logs": "2022-10-22 01:29:57 +0200"
    },
    "done": true
  },
  "minelabs:basic/make_single_covalent_bond": {
    "criteria": {
      "make_single_bond": "2023-03-09 17:56:29 +0100"
    },
    "done": true
  },
  "minecraft:recipes/building_blocks/diorite_stairs": {
    "criteria": {
      "has_diorite": "2022-10-22 01:27:27 +0200"
    },
    "done": true
  },
  "minelabs:molecules/root_craft_all_molecules": {
    "criteria": {
      "use_lewis_crafting_table": "2023-03-09 17:41:28 +0100"
    },
    "done": true
  },
  "minelabs:atoms/obtain_lithium": {
    "criteria": {
      "make_lithium": "2023-03-12 12:24:37 +0100"
    },
    "done": true
  },
  "minecraft:husbandry/balanced_diet": {
    "criteria": {
      "potato": "2022-10-23 16:22:03 +0200",
      "poisonous_potato": "2022-10-22 02:17:43 +0200"
    },
    "done": false
  },
  "minelabs:atoms/obtain_oxygen": {
    "criteria": {
      "make_oxygen": "2023-03-09 17:55:59 +0100"
    },
    "done": true
  },
  "minecraft:recipes/building_blocks/andesite": {
    "criteria": {
      "has_stone": "2022-10-22 01:27:27 +0200"
    },
    "done": true
  },
  "minecraft:recipes/tools/lead": {
    "criteria": {
      "has_slime_ball": "2022-10-22 01:20:22 +0200"
    },
    "done": true
  },
  "minecraft:recipes/building_blocks/birch_planks": {
    "criteria": {
      "has_logs": "2022-10-11 20:30:34 +0200"
    },
    "done": true
  },
  "minecraft:recipes/building_blocks/diorite_slab": {
    "criteria": {
      "has_diorite": "2022-10-22 01:27:27 +0200"
    },
    "done": true
  },
  "minecraft:recipes/building_blocks/stone_brick_stairs_from_stone_bricks_stonecutting": {
    "criteria": {
      "has_stone_bricks": "2023-03-09 17:48:19 +0100"
    },
    "done": true
  },
  "minelabs:atoms/obtain_sodium": {
    "criteria": {
      "make_sodium": "2023-03-12 12:22:56 +0100"
    },
    "done": true
  },
  "minelabs:basic/make_double_covalent_bond": {
    "criteria": {
      "make_double_bond": "2023-03-12 12:27:10 +0100"
    },
    "done": true
  },
  "minecraft:recipes/building_blocks/oak_wood": {
    "criteria": {
      "has_log": "2022-10-22 01:29:57 +0200"
    },
    "done": true
  },
  "minecraft:story/root": {
    "criteria": {
      "crafting_table": "2022-10-23 16:02:23 +0200"
    },
    "done": true
  },
  "minecraft:recipes/building_blocks/polished_diorite_slab_from_diorite_stonecutting": {
    "criteria": {
      "has_diorite": "2022-10-22 01:27:27 +0200"
    },
    "done": true
  },
  "minelabs:basic/place_timefreeze_block": {
    "criteria": {
      "place_time_freeze_block": "2023-04-23 17:00:07 +0200"
    },
    "done": true
  },
  "minecraft:recipes/building_blocks/polished_diorite_from_diorite_stonecutting": {
    "criteria": {
      "has_diorite": "2022-10-22 01:27:27 +0200"
    },
    "done": true
  },
  "minelabs:molecules/make_ncl3": {
    "criteria": {
      "make_ncl3": "2023-03-09 17:41:28 +0100"
    },
    "done": true
  },
  "minecraft:recipes/misc/lapis_lazuli_from_smelting_deepslate_lapis_ore": {
    "criteria": {
      "has_deepslate_lapis_ore": "2022-10-11 20:31:38 +0200"
    },
    "done": true
  },
  "minecraft:recipes/misc/gold_ingot_from_blasting_gold_ore": {
    "criteria": {
      "has_gold_ore": "2022-10-11 20:27:21 +0200"
    },
    "done": true
  },
  "minelabs:basic/make_an_atom": {
    "criteria": {
      "make_an_atom": "2023-03-09 17:41:28 +0100"
    },
    "done": true
  },
  "minecraft:adventure/kill_a_mob": {
    "criteria": {
      "minecraft:slime": "2022-10-22 01:20:15 +0200"
    },
    "done": true
  },
  "minecraft:recipes/decorations/diorite_wall_from_diorite_stonecutting": {
    "criteria": {
      "has_diorite": "2022-10-22 01:27:27 +0200"
    },
    "done": true
  },
  "minelabs:atoms/obtain_tungsten": {
    "criteria": {
      "make_tungsten": "2023-03-12 12:24:24 +0100"
    },
    "done": true
  },
  "minecraft:recipes/decorations/diorite_wall": {
    "criteria": {
      "has_diorite": "2022-10-22 01:27:27 +0200"
    },
    "done": true
  },
  "minecraft:recipes/misc/emerald_from_smelting_deepslate_emerald_ore": {
    "criteria": {
      "has_deepslate_emerald_ore": "2022-10-11 20:31:36 +0200"
    },
    "done": true
  },
  "minecraft:recipes/redstone/sticky_piston": {
    "criteria": {
      "has_slime_ball": "2022-10-22 01:20:22 +0200"
    },
    "done": true
  },
  "minelabs:atoms/obtain_nitrogen": {
    "criteria": {
      "make_nitrogen": "2023-03-12 12:22:44 +0100"
    },
    "done": true
  },
  "minelabs:atoms/obtain_hydrogen": {
    "criteria": {
      "make_hydrogen": "2023-03-09 17:41:28 +0100"
    },
    "done": true
  },
  "minelabs:basic/obtain_3_quarks": {
    "criteria": {
      "obtain_red_quark": "2023-03-09 17:41:28 +0100"
    },
    "done": false
  },
  "minecraft:recipes/brewing/cauldron": {
    "criteria": {
      "has_water_bucket": "2022-10-21 18:09:21 +0200"
    },
    "done": true
  },
  "minecraft:adventure/adventuring_time": {
    "criteria": {
      "minecraft:plains": "2022-10-11 20:18:45 +0200"
    },
    "done": false
  },
  "minelabs:atoms/obtain_carbon": {
    "criteria": {
      "make_carbon": "2023-03-09 17:41:28 +0100"
    },
    "done": true
  },
  "minecraft:recipes/misc/charcoal": {
    "criteria": {
      "has_log": "2022-10-11 20:30:34 +0200"
    },
    "done": true
  },
  "minecraft:story/lava_bucket": {
    "criteria": {
      "lava_bucket": "2023-03-12 12:22:40 +0100"
    },
    "done": true
  },
  "minecraft:husbandry/root": {
    "criteria": {
      "consumed_item": "2022-10-22 02:17:43 +0200"
    },
    "done": true
  },
  "minecraft:recipes/building_blocks/stone_brick_slab": {
    "criteria": {
      "has_stone_bricks": "2023-03-09 17:48:19 +0100"
    },
    "done": true
  },
  "minecraft:recipes/transportation/birch_boat": {
    "criteria": {
      "in_water": "2022-10-21 18:07:41 +0200"
    },
    "done": true
  },
  "minelabs:basic/root_minelabs": {
    "criteria": {
      "install_minelabs": "2023-03-09 17:41:28 +0100"
    },
    "done": true
  },
  "minecraft:recipes/building_blocks/polished_diorite_slab": {
    "criteria": {
      "has_polished_diorite": "2022-10-21 18:08:45 +0200"
    },
    "done": true
  },
  "minecraft:recipes/transportation/acacia_boat": {
    "criteria": {
      "in_water": "2022-10-21 18:07:41 +0200"
    },
    "done": true
  },
  "minecraft:recipes/misc/diamond_from_smelting_diamond_ore": {
    "criteria": {
      "has_diamond_ore": "2022-10-11 20:29:50 +0200"
    },
    "done": true
  },
  "minecraft:adventure/root": {
    "criteria": {
      "killed_something": "2022-10-22 01:20:15 +0200"
    },
    "done": true
  },
  "minecraft:recipes/transportation/jungle_boat": {
    "criteria": {
      "in_water": "2022-10-21 18:07:41 +0200"
    },
    "done": true
  },
  "minelabs:basic/make_a_molecule": {
    "criteria": {
      "make_a_molecule": "2023-03-09 17:41:28 +0100"
    },
    "done": true
  },
  "minelabs:basic/place_electric_field_sensor": {
    "criteria": {
      "place_electric_field_sensor": "2023-03-12 13:09:48 +0100"
    },
    "done": true
  },
  "minecraft:recipes/transportation/dark_oak_boat": {
    "criteria": {
      "in_water": "2022-10-21 18:07:41 +0200"
    },
    "done": true
  },
  "minecraft:recipes/food/baked_potato_from_smoking": {
    "criteria": {
      "has_potato": "2022-10-23 16:21:55 +0200"
    },
    "done": true
  },
  "minelabs:molecules/make_co2": {
    "criteria": {
      "make_co2": "2023-03-12 12:51:43 +0100"
    },
    "done": true
  },
  "minecraft:adventure/kill_all_mobs": {
    "criteria": {
      "minecraft:slime": "2022-10-22 01:20:15 +0200"
    },
    "done": false
  },
  "minelabs:basic/mendeljev": {
    "criteria": {
      "make_nitrogen": "2023-03-12 12:22:44 +0100",
      "make_oxygen": "2023-03-09 17:55:59 +0100",
      "make_magnesium": "2023-03-12 12:22:58 +0100",
      "make_calcium": "2023-03-09 17:41:28 +0100",
      "make_carbon": "2023-03-09 17:41:28 +0100",
      "make_chlorine": "2023-03-09 17:41:28 +0100",
      "make_tungsten": "2023-03-12 12:24:24 +0100",
      "make_fluorine": "2023-03-09 17:41:28 +0100",
      "make_hydrogen": "2023-03-09 17:41:28 +0100",
      "make_lithium": "2023-03-12 12:24:37 +0100",
      "make_silicon": "2023-03-09 17:41:28 +0100",
      "make_sodium": "2023-03-12 12:22:56 +0100",
      "make_aluminium": "2023-03-09 17:41:28 +0100"
    },
    "done": false
  },
  "minelabs:basic/lct_make_unknown_molecule": {
    "criteria": {
      "make_single_bond": "2023-03-12 12:29:49 +0100"
    },
    "done": true
  },
  "minecraft:recipes/building_blocks/birch_wood": {
    "criteria": {
      "has_log": "2022-10-11 20:30:34 +0200"
    },
    "done": true
  },
  "minecraft:recipes/food/baked_potato": {
    "criteria": {
      "has_potato": "2022-10-23 16:21:55 +0200"
    },
    "done": true
  },
  "minecraft:recipes/decorations/stone_brick_wall": {
    "criteria": {
      "has_stone_bricks": "2023-03-09 17:48:19 +0100"
    },
    "done": true
  },
  "minelabs:atoms/obtain_chlorine": {
    "criteria": {
      "make_chlorine": "2023-03-09 17:41:28 +0100"
    },
    "done": true
  },
  "minelabs:basic/pour_erlenmeyer": {
    "criteria": {
      "place_erlenmeyer": "2023-03-09 17:57:14 +0100"
    },
    "done": true
  },
  "minecraft:recipes/building_blocks/polished_diorite_stairs_from_polished_diorite_stonecutting": {
    "criteria": {
      "has_polished_diorite": "2022-10-21 18:08:45 +0200"
    },
    "done": true
  },
  "minelabs:basic/coulomb_move": {
    "criteria": {
      "make_single_bond": "2023-03-09 17:48:37 +0100"
    },
    "done": true
  },
  "minecraft:recipes/building_blocks/polished_diorite_stairs": {
    "criteria": {
      "has_polished_diorite": "2022-10-21 18:08:45 +0200"
    },
    "done": true
  },
  "minelabs:atoms/obtain_calcium": {
    "criteria": {
      "make_calcium": "2023-03-09 17:41:28 +0100"
    },
    "done": true
  },
  "minecraft:recipes/building_blocks/polished_diorite": {
    "criteria": {
      "has_diorite": "2022-10-22 01:27:27 +0200"
    },
    "done": true
  },
  "minelabs:atoms/obtain_fluorine": {
    "criteria": {
      "make_fluorine": "2023-03-09 17:41:28 +0100"
    },
    "done": true
  },
  "minecraft:recipes/transportation/oak_boat": {
    "criteria": {
      "in_water": "2022-10-21 18:07:41 +0200"
    },
    "done": true
  },
  "minelabs:atoms/obtain_silicon": {
    "criteria": {
      "make_silicon": "2023-03-09 17:41:28 +0100"
    },
    "done": true
  },
  "minecraft:recipes/food/baked_potato_from_campfire_cooking": {
    "criteria": {
      "has_potato": "2022-10-23 16:21:55 +0200"
    },
    "done": true
  },
  "minecraft:recipes/building_blocks/stone_brick_stairs": {
    "criteria": {
      "has_stone_bricks": "2023-03-09 17:48:19 +0100"
    },
    "done": true
  },
  "minecraft:recipes/building_blocks/bone_block": {
    "criteria": {
      "has_bone_meal": "2022-10-11 20:24:50 +0200"
    },
    "done": true
  },
  "DataVersion": 3120
}