{
  "minecraft:adventure/adventuring_time": {
    "criteria": {
      "minecraft:plains": "2022-10-10 18:45:38 +0200"
    },
    "done": false
  },
  "minecraft:recipes/brewing/cauldron": {
    "criteria": {
      "has_water_bucket": "2022-10-10 18:51:32 +0200"
    },
    "done": true
  },
  "minecraft:recipes/decorations/chest": {
    "criteria": {
      "has_lots_of_items": "2022-10-10 18:54:04 +0200"
    },
    "done": true
  },
  "minecraft:adventure/root": {
    "criteria": {
      "killed_something": "2022-10-10 22:02:16 +0200"
    },
    "done": true
  },
  "minecraft:recipes/building_blocks/mossy_cobblestone_slab_from_mossy_cobblestone_stonecutting": {
    "criteria": {
      "has_mossy_cobblestone": "2022-10-10 22:46:25 +0200"
    },
    "done": true
  },
  "minecraft:recipes/building_blocks/mossy_cobblestone_slab": {
    "criteria": {
      "has_mossy_cobblestone": "2022-10-10 22:46:25 +0200"
    },
    "done": true
  },
  "minecraft:recipes/building_blocks/mossy_cobblestone_stairs_from_mossy_cobblestone_stonecutting": {
    "criteria": {
      "has_mossy_cobblestone": "2022-10-10 22:46:25 +0200"
    },
    "done": true
  },
  "minecraft:recipes/decorations/mossy_cobblestone_wall": {
    "criteria": {
      "has_mossy_cobblestone": "2022-10-10 22:46:25 +0200"
    },
    "done": true
  },
  "minecraft:recipes/decorations/mossy_cobblestone_wall_from_mossy_cobblestone_stonecutting": {
    "criteria": {
      "has_mossy_cobblestone": "2022-10-10 22:46:25 +0200"
    },
    "done": true
  },
  "minecraft:recipes/building_blocks/mossy_cobblestone_stairs": {
    "criteria": {
      "has_mossy_cobblestone": "2022-10-10 22:46:25 +0200"
    },
    "done": true
  },
  "minecraft:recipes/building_blocks/chiseled_stone_bricks": {
    "criteria": {
      "has_tag": "2022-10-10 22:50:44 +0200"
    },
    "done": true
  },
  "minecraft:recipes/building_blocks/stone_brick_slab_from_stone_bricks_stonecutting": {
    "criteria": {
      "has_stone_bricks": "2022-10-10 22:50:44 +0200"
    },
    "done": true
  },
  "minecraft:recipes/decorations/stone_brick_wall_from_stone_bricks_stonecutting": {
    "criteria": {
      "has_stone_bricks": "2022-10-10 22:50:44 +0200"
    },
    "done": true
  },
  "minecraft:recipes/building_blocks/chiseled_stone_bricks_from_stone_bricks_stonecutting": {
    "criteria": {
      "has_stone_bricks": "2022-10-10 22:50:44 +0200"
    },
    "done": true
  },
  "minecraft:recipes/building_blocks/cracked_stone_bricks": {
    "criteria": {
      "has_stone_bricks": "2022-10-10 22:50:44 +0200"
    },
    "done": true
  },
  "minecraft:recipes/building_blocks/stone_brick_stairs_from_stone_bricks_stonecutting": {
    "criteria": {
      "has_stone_bricks": "2022-10-10 22:50:44 +0200"
    },
    "done": true
  },
  "minecraft:recipes/building_blocks/stone_brick_slab": {
    "criteria": {
      "has_stone_bricks": "2022-10-10 22:50:44 +0200"
    },
    "done": true
  },
  "minecraft:recipes/decorations/stone_brick_wall": {
    "criteria": {
      "has_stone_bricks": "2022-10-10 22:50:44 +0200"
    },
    "done": true
  },
  "minecraft:recipes/building_blocks/stone_brick_stairs": {
    "criteria": {
      "has_stone_bricks": "2022-10-10 22:50:44 +0200"
    },
    "done": true
  },
  "minecraft:recipes/building_blocks/polished_diorite_slab_from_polished_diorite_stonecutting": {
    "criteria": {
      "has_polished_diorite": "2022-10-10 22:57:08 +0200"
    },
    "done": true
  },
  "minecraft:recipes/building_blocks/polished_diorite_slab": {
    "criteria": {
      "has_polished_diorite": "2022-10-10 22:57:08 +0200"
    },
    "done": true
  },
  "minecraft:recipes/building_blocks/polished_diorite_stairs_from_polished_diorite_stonecutting": {
    "criteria": {
      "has_polished_diorite": "2022-10-10 22:57:08 +0200"
    },
    "done": true
  },
  "minecraft:recipes/building_blocks/polished_diorite_stairs": {
    "criteria": {
      "has_polished_diorite": "2022-10-10 22:57:08 +0200"
    },
    "done": true
  },
  "minecraft:recipes/redstone/repeater": {
    "criteria": {
      "has_redstone_torch": "2022-10-11 08:33:21 +0200"
    },
    "done": true
  },
  "minecraft:recipes/decorations/painting": {
    "criteria": {
      "has_wool": "2022-10-11 08:33:40 +0200"
    },
    "done": true
  },
  "minecraft:recipes/decorations/red_banner": {
    "criteria": {
      "has_red_wool": "2022-10-11 08:33:40 +0200"
    },
    "done": true
  },
  "minecraft:recipes/decorations/red_carpet": {
    "criteria": {
      "has_red_wool": "2022-10-11 08:33:40 +0200"
    },
    "done": true
  },
  "minecraft:recipes/decorations/red_bed": {
    "criteria": {
      "has_red_wool": "2022-10-11 08:33:40 +0200"
    },
    "done": true
  },
  "minecraft:recipes/decorations/mossy_stone_brick_wall_from_mossy_stone_brick_stonecutting": {
    "criteria": {
      "has_mossy_stone_bricks": "2022-10-11 08:33:44 +0200"
    },
    "done": true
  },
  "minecraft:recipes/building_blocks/mossy_stone_brick_stairs_from_mossy_stone_brick_stonecutting": {
    "criteria": {
      "has_mossy_stone_bricks": "2022-10-11 08:33:44 +0200"
    },
    "done": true
  },
  "minecraft:recipes/decorations/mossy_stone_brick_wall": {
    "criteria": {
      "has_mossy_stone_bricks": "2022-10-11 08:33:44 +0200"
    },
    "done": true
  },
  "minecraft:recipes/building_blocks/mossy_stone_brick_slab_from_mossy_stone_brick_stonecutting": {
    "criteria": {
      "has_mossy_stone_bricks": "2022-10-11 08:33:44 +0200"
    },
    "done": true
  },
  "minecraft:recipes/building_blocks/mossy_stone_brick_stairs": {
    "criteria": {
      "has_mossy_stone_bricks": "2022-10-11 08:33:44 +0200"
    },
    "done": true
  },
  "minecraft:recipes/building_blocks/mossy_stone_brick_slab": {
    "criteria": {
      "has_mossy_stone_bricks": "2022-10-11 08:33:44 +0200"
    },
    "done": true
  },
  "minecraft:recipes/redstone/note_block": {
    "criteria": {
      "has_redstone": "2022-10-11 08:33:47 +0200"
    },
    "done": true
  },
  "minecraft:recipes/redstone/dropper": {
    "criteria": {
      "has_redstone": "2022-10-11 08:33:47 +0200"
    },
    "done": true
  },
  "minecraft:recipes/tools/compass": {
    "criteria": {
      "has_redstone": "2022-10-11 08:33:47 +0200"
    },
    "done": true
  },
  "minecraft:recipes/redstone/target": {
    "criteria": {
      "has_redstone": "2022-10-11 08:33:47 +0200"
    },
    "done": true
  },
  "minecraft:recipes/redstone/redstone_torch": {
    "criteria": {
      "has_redstone": "2022-10-11 08:33:47 +0200"
    },
    "done": true
  },
  "minecraft:recipes/tools/clock": {
    "criteria": {
      "has_redstone": "2022-10-11 08:33:47 +0200"
    },
    "done": true
  },
  "minecraft:recipes/redstone/redstone_block": {
    "criteria": {
      "has_redstone": "2022-10-11 08:33:47 +0200"
    },
    "done": true
  },
  "minecraft:recipes/redstone/piston": {
    "criteria": {
      "has_redstone": "2022-10-11 08:33:47 +0200"
    },
    "done": true
  },
  "minecraft:recipes/building_blocks/stone_bricks": {
    "criteria": {
      "has_stone": "2022-10-11 21:55:35 +0200"
    },
    "done": true
  },
  "minecraft:recipes/building_blocks/stone_bricks_from_stone_stonecutting": {
    "criteria": {
      "has_stone": "2022-10-11 21:55:35 +0200"
    },
    "done": true
  },
  "minecraft:recipes/building_blocks/smooth_stone": {
    "criteria": {
      "has_stone": "2022-10-11 21:55:35 +0200"
    },
    "done": true
  },
  "minecraft:recipes/building_blocks/stone_slab_from_stone_stonecutting": {
    "criteria": {
      "has_stone": "2022-10-11 21:55:35 +0200"
    },
    "done": true
  },
  "minecraft:recipes/building_blocks/chiseled_stone_bricks_stone_from_stonecutting": {
    "criteria": {
      "has_stone": "2022-10-11 21:55:35 +0200"
    },
    "done": true
  },
  "minecraft:recipes/building_blocks/stone_slab": {
    "criteria": {
      "has_stone": "2022-10-11 21:55:35 +0200"
    },
    "done": true
  },
  "minecraft:recipes/building_blocks/stone_brick_slab_from_stone_stonecutting": {
    "criteria": {
      "has_stone": "2022-10-11 21:55:35 +0200"
    },
    "done": true
  },
  "minecraft:recipes/redstone/stone_button": {
    "criteria": {
      "has_stone": "2022-10-11 21:55:35 +0200"
    },
    "done": true
  },
  "minecraft:recipes/building_blocks/stone_stairs_from_stone_stonecutting": {
    "criteria": {
      "has_stone": "2022-10-11 21:55:35 +0200"
    },
    "done": true
  },
  "minecraft:recipes/decorations/stonecutter": {
    "criteria": {
      "has_stone": "2022-10-11 21:55:35 +0200"
    },
    "done": true
  },
  "minecraft:recipes/redstone/stone_pressure_plate": {
    "criteria": {
      "has_stone": "2022-10-11 21:55:35 +0200"
    },
    "done": true
  },
  "minecraft:recipes/decorations/stone_brick_walls_from_stone_stonecutting": {
    "criteria": {
      "has_stone": "2022-10-11 21:55:35 +0200"
    },
    "done": true
  },
  "minecraft:recipes/building_blocks/stone_brick_stairs_from_stone_stonecutting": {
    "criteria": {
      "has_stone": "2022-10-11 21:55:35 +0200"
    },
    "done": true
  },
  "minecraft:recipes/building_blocks/stone_stairs": {
    "criteria": {
      "has_stone": "2022-10-11 21:55:35 +0200"
    },
    "done": true
  },
  "minecraft:recipes/misc/white_dye": {
    "criteria": {
      "has_bone_meal": "2022-10-11 21:58:58 +0200"
    },
    "done": true
  },
  "minecraft:recipes/building_blocks/bone_block": {
    "criteria": {
      "has_bone_meal": "2022-10-11 21:58:58 +0200"
    },
    "done": true
  },
  "minecraft:recipes/misc/coal_from_smelting_coal_ore": {
    "criteria": {
      "has_coal_ore": "2022-10-11 22:07:31 +0200"
    },
    "done": true
  },
  "minecraft:recipes/misc/coal_from_blasting_coal_ore": {
    "criteria": {
      "has_coal_ore": "2022-10-11 22:07:31 +0200"
    },
    "done": true
  },
  "minecraft:recipes/misc/iron_ingot_from_blasting_iron_ore": {
    "criteria": {
      "has_iron_ore": "2022-10-11 22:07:38 +0200"
    },
    "done": true
  },
  "minecraft:recipes/misc/iron_ingot_from_smelting_iron_ore": {
    "criteria": {
      "has_iron_ore": "2022-10-11 22:07:38 +0200"
    },
    "done": true
  },
  "minecraft:recipes/misc/gold_ingot_from_smelting_gold_ore": {
    "criteria": {
      "has_gold_ore": "2022-10-11 22:18:08 +0200"
    },
    "done": true
  },
  "minecraft:recipes/misc/gold_ingot_from_blasting_gold_ore": {
    "criteria": {
      "has_gold_ore": "2022-10-11 22:18:08 +0200"
    },
    "done": true
  },
  "minecraft:story/lava_bucket": {
    "criteria": {
      "lava_bucket": "2022-10-11 22:26:14 +0200"
    },
    "done": true
  },
  "minecraft:recipes/redstone/lever": {
    "criteria": {
      "has_cobblestone": "2022-10-11 22:32:32 +0200"
    },
    "done": true
  },
  "minecraft:recipes/building_blocks/cobblestone_stairs_from_cobblestone_stonecutting": {
    "criteria": {
      "has_cobblestone": "2022-10-11 22:32:32 +0200"
    },
    "done": true
  },
  "minecraft:recipes/tools/stone_shovel": {
    "criteria": {
      "has_cobblestone": "2022-10-11 22:32:32 +0200"
    },
    "done": true
  },
  "minecraft:recipes/building_blocks/cobblestone_slab": {
    "criteria": {
      "has_cobblestone": "2022-10-11 22:32:32 +0200"
    },
    "done": true
  },
  "minecraft:recipes/building_blocks/cobblestone_stairs": {
    "criteria": {
      "has_cobblestone": "2022-10-11 22:32:32 +0200"
    },
    "done": true
  },
  "minecraft:recipes/building_blocks/stone": {
    "criteria": {
      "has_cobblestone": "2022-10-11 22:32:32 +0200"
    },
    "done": true
  },
  "minecraft:story/mine_stone": {
    "criteria": {
      "get_stone": "2022-10-11 22:32:32 +0200"
    },
    "done": true
  },
  "minecraft:recipes/decorations/furnace": {
    "criteria": {
      "has_cobblestone": "2022-10-11 22:32:32 +0200"
    },
    "done": true
  },
  "minecraft:recipes/building_blocks/cobblestone_slab_from_cobblestone_stonecutting": {
    "criteria": {
      "has_cobblestone": "2022-10-11 22:32:32 +0200"
    },
    "done": true
  },
  "minecraft:recipes/combat/stone_sword": {
    "criteria": {
      "has_cobblestone": "2022-10-11 22:32:32 +0200"
    },
    "done": true
  },
  "minecraft:recipes/decorations/cobblestone_wall": {
    "criteria": {
      "has_cobblestone": "2022-10-11 22:32:32 +0200"
    },
    "done": true
  },
  "minecraft:recipes/tools/stone_pickaxe": {
    "criteria": {
      "has_cobblestone": "2022-10-11 22:32:32 +0200"
    },
    "done": true
  },
  "minecraft:recipes/decorations/cobblestone_wall_from_cobblestone_stonecutting": {
    "criteria": {
      "has_cobblestone": "2022-10-11 22:32:32 +0200"
    },
    "done": true
  },
  "minecraft:recipes/tools/stone_hoe": {
    "criteria": {
      "has_cobblestone": "2022-10-11 22:32:32 +0200"
    },
    "done": true
  },
  "minecraft:recipes/tools/stone_axe": {
    "criteria": {
      "has_cobblestone": "2022-10-11 22:32:32 +0200"
    },
    "done": true
  },
  "minecraft:recipes/misc/light_gray_dye_from_azure_bluet": {
    "criteria": {
      "has_azure_bluet": "2022-10-11 22:49:16 +0200"
    },
    "done": true
  },
  "minecraft:story/root": {
    "criteria": {
      "crafting_table": "2022-10-11 22:56:26 +0200"
    },
    "done": true
  },
  "minecraft:recipes/building_blocks/polished_diorite_stairs_from_diorite_stonecutting": {
    "criteria": {
      "has_diorite": "2022-10-11 22:57:25 +0200"
    },
    "done": true
  },
  "minecraft:recipes/building_blocks/diorite_stairs_from_diorite_stonecutting": {
    "criteria": {
      "has_diorite": "2022-10-11 22:57:25 +0200"
    },
    "done": true
  },
  "minecraft:recipes/building_blocks/diorite_slab_from_diorite_stonecutting": {
    "criteria": {
      "has_diorite": "2022-10-11 22:57:25 +0200"
    },
    "done": true
  },
  "minecraft:recipes/building_blocks/diorite_stairs": {
    "criteria": {
      "has_diorite": "2022-10-11 22:57:25 +0200"
    },
    "done": true
  },
  "minecraft:recipes/building_blocks/andesite": {
    "criteria": {
      "has_stone": "2022-10-11 22:57:25 +0200"
    },
    "done": true
  },
  "minecraft:recipes/building_blocks/diorite_slab": {
    "criteria": {
      "has_diorite": "2022-10-11 22:57:25 +0200"
    },
    "done": true
  },
  "minecraft:recipes/building_blocks/polished_diorite_slab_from_diorite_stonecutting": {
    "criteria": {
      "has_diorite": "2022-10-11 22:57:25 +0200"
    },
    "done": true
  },
  "minecraft:recipes/building_blocks/polished_diorite_from_diorite_stonecutting": {
    "criteria": {
      "has_diorite": "2022-10-11 22:57:25 +0200"
    },
    "done": true
  },
  "minecraft:recipes/decorations/diorite_wall_from_diorite_stonecutting": {
    "criteria": {
      "has_diorite": "2022-10-11 22:57:25 +0200"
    },
    "done": true
  },
  "minecraft:recipes/decorations/diorite_wall": {
    "criteria": {
      "has_diorite": "2022-10-11 22:57:25 +0200"
    },
    "done": true
  },
  "minecraft:recipes/building_blocks/polished_diorite": {
    "criteria": {
      "has_diorite": "2022-10-11 22:57:25 +0200"
    },
    "done": true
  },
  "minecraft:recipes/misc/blue_dye_from_cornflower": {
    "criteria": {
      "has_cornflower": "2022-10-11 22:58:41 +0200"
    },
    "done": true
  },
  "minecraft:recipes/building_blocks/mossy_stone_bricks_from_vine": {
    "criteria": {
      "has_vine": "2022-10-11 22:58:55 +0200"
    },
    "done": true
  },
  "minecraft:recipes/building_blocks/mossy_cobblestone_from_vine": {
    "criteria": {
      "has_vine": "2022-10-11 22:58:55 +0200"
    },
    "done": true
  },
  "minecraft:recipes/misc/lapis_lazuli_from_blasting_lapis_ore": {
    "criteria": {
      "has_lapis_ore": "2022-10-11 23:00:20 +0200"
    },
    "done": true
  },
  "minecraft:recipes/misc/lapis_lazuli_from_smelting_lapis_ore": {
    "criteria": {
      "has_lapis_ore": "2022-10-11 23:00:20 +0200"
    },
    "done": true
  },
  "minecraft:recipes/transportation/mangrove_boat": {
    "criteria": {
      "in_water": "2022-11-14 13:55:26 +0100"
    },
    "done": true
  },
  "minecraft:recipes/transportation/spruce_boat": {
    "criteria": {
      "in_water": "2022-11-14 13:55:26 +0100"
    },
    "done": true
  },
  "minecraft:recipes/transportation/birch_boat": {
    "criteria": {
      "in_water": "2022-11-14 13:55:26 +0100"
    },
    "done": true
  },
  "minecraft:recipes/transportation/acacia_boat": {
    "criteria": {
      "in_water": "2022-11-14 13:55:26 +0100"
    },
    "done": true
  },
  "minecraft:recipes/transportation/jungle_boat": {
    "criteria": {
      "in_water": "2022-11-14 13:55:26 +0100"
    },
    "done": true
  },
  "minecraft:recipes/transportation/dark_oak_boat": {
    "criteria": {
      "in_water": "2022-11-14 13:55:26 +0100"
    },
    "done": true
  },
  "minecraft:recipes/transportation/oak_boat": {
    "criteria": {
      "in_water": "2022-11-14 13:55:26 +0100"
    },
    "done": true
  },
  "minecraft:recipes/building_blocks/oak_planks": {
    "criteria": {
      "has_logs": "2022-11-14 14:27:20 +0100"
    },
    "done": true
  },
  "minecraft:recipes/building_blocks/oak_wood": {
    "criteria": {
      "has_log": "2022-11-14 14:27:20 +0100"
    },
    "done": true
  },
  "minecraft:recipes/misc/charcoal": {
    "criteria": {
      "has_log": "2022-11-14 14:27:20 +0100"
    },
    "done": true
  },
  "minecraft:recipes/decorations/moss_carpet": {
    "criteria": {
      "has_moss_block": "2022-11-14 15:26:00 +0100"
    },
    "done": true
  },
  "minecraft:recipes/building_blocks/mossy_cobblestone_from_moss_block": {
    "criteria": {
      "has_moss_block": "2022-11-14 15:26:00 +0100"
    },
    "done": true
  },
  "minecraft:recipes/building_blocks/mossy_stone_bricks_from_moss_block": {
    "criteria": {
      "has_moss_block": "2022-11-14 15:26:00 +0100"
    },
    "done": true
  },
  "minecraft:recipes/misc/iron_nugget_from_blasting": {
    "criteria": {
      "has_iron_sword": "2022-11-14 23:42:28 +0100"
    },
    "done": true
  },
  "minecraft:recipes/misc/iron_nugget_from_smelting": {
    "criteria": {
      "has_iron_sword": "2022-11-14 23:42:28 +0100"
    },
    "done": true
  },
  "minelabs:basic/obtain_all_elementary_particles": {
    "criteria": {
      "obtain_positron": "2023-05-03 21:54:19 +0200",
      "obtain_downquark_red": "2023-07-24 17:40:01 +0200",
      "obtain_upquark_red": "2023-07-24 17:39:31 +0200",
      "obtain_downquark_blue": "2023-07-24 17:40:02 +0200",
      "obtain_anti_downquark_red": "2023-07-24 17:40:06 +0200",
      "obtain_photon": "2023-07-24 17:38:57 +0200",
      "obtain_anti_upquark_blue": "2023-07-24 17:39:39 +0200",
      "obtain_neutrino": "2023-07-24 17:35:38 +0200",
      "obtain_electron": "2023-05-03 21:54:19 +0200",
      "obtain_anti_upquark_red": "2023-07-24 17:39:36 +0200",
      "obtain_anti_downquark_green": "2023-07-24 17:40:05 +0200",
      "obtain_anti_downquark_blue": "2023-07-24 17:40:03 +0200",
      "obtain_antineutrino": "2023-07-24 17:36:21 +0200",
      "obtain_upquark_blue": "2023-07-24 17:39:33 +0200",
      "obtain_downquark_green": "2023-07-24 17:40:02 +0200",
      "obtain_weak_boson": "2023-05-03 21:54:19 +0200",
      "obtain_upquark_green": "2023-07-24 17:39:33 +0200",
      "obtain_gluon": "2023-07-24 17:39:47 +0200",
      "obtain_anti_upquark_green": "2023-07-24 17:39:38 +0200"
    },
    "done": true
  },
  "minelabs:basic/make_a_hadron": {
    "criteria": {
      "make_a_hadron": "2023-05-03 21:54:19 +0200"
    },
    "done": true
  },
  "minelabs:basic/root_minelabs": {
    "criteria": {
      "install_minelabs": "2023-05-03 21:54:19 +0200"
    },
    "done": true
  },
  "minelabs:basic/coulomb_move": {
    "criteria": {
      "make_single_bond": "2023-05-03 21:55:14 +0200"
    },
    "done": true
  },
  "minelabs:molecules/root_craft_all_molecules": {
    "criteria": {
      "use_lewis_crafting_table": "2023-05-03 21:55:36 +0200"
    },
    "done": true
  },
  "minelabs:basic/make_a_molecule": {
    "criteria": {
      "make_a_molecule": "2023-05-03 21:55:36 +0200"
    },
    "done": true
  },
  "minelabs:molecules/make_ncl3": {
    "criteria": {
      "make_ncl3": "2023-05-03 21:55:37 +0200"
    },
    "done": true
  },
  "minecraft:recipes/misc/lapis_lazuli_from_blasting_deepslate_lapis_ore": {
    "criteria": {
      "has_deepslate_lapis_ore": "2023-05-03 21:56:50 +0200"
    },
    "done": true
  },
  "minecraft:recipes/misc/lapis_lazuli_from_smelting_deepslate_lapis_ore": {
    "criteria": {
      "has_deepslate_lapis_ore": "2023-05-03 21:56:50 +0200"
    },
    "done": true
  },
  "minelabs:atoms/obtain_uranium": {
    "criteria": {
      "make_uranium": "2023-05-03 21:59:08 +0200"
    },
    "done": true
  },
  "minelabs:atoms/obtain_sulfur": {
    "criteria": {
      "make_sulfur": "2023-05-03 21:59:08 +0200"
    },
    "done": true
  },
  "minelabs:atoms/obtain_hydrogen": {
    "criteria": {
      "make_hydrogen": "2023-05-03 21:59:08 +0200"
    },
    "done": true
  },
  "minelabs:atoms/obtain_helium": {
    "criteria": {
      "make_helium": "2023-05-03 21:59:08 +0200"
    },
    "done": true
  },
  "minelabs:basic/mendeljev": {
    "criteria": {
      "make_nitrogen": "2023-07-24 17:45:38 +0200",
      "make_boron": "2023-07-24 17:45:36 +0200",
      "make_scandium": "2023-07-24 17:46:53 +0200",
      "make_iron": "2023-07-24 17:46:57 +0200",
      "make_ruthenium": "2023-07-24 17:48:38 +0200",
      "make_niobium": "2023-07-24 17:48:35 +0200",
      "make_palladium": "2023-07-24 17:49:41 +0200",
      "make_yttrium": "2023-07-24 17:48:33 +0200",
      "make_iodine": "2023-07-24 17:49:47 +0200",
      "make_xenon": "2023-07-24 17:49:48 +0200",
      "make_bromine": "2023-07-24 17:47:49 +0200",
      "make_germanium": "2023-07-24 17:47:56 +0200",
      "make_silver": "2023-07-24 17:49:42 +0200",
      "make_sodium": "2023-07-24 17:46:14 +0200",
      "make_arsenic": "2023-07-24 17:47:57 +0200",
      "make_oxygen": "2023-07-24 17:45:39 +0200",
      "make_chromium": "2023-07-24 17:46:55 +0200",
      "make_strontium": "2023-07-24 17:48:33 +0200",
      "make_chlorine": "2023-05-03 21:59:08 +0200",
      "make_carbon": "2023-07-24 17:45:37 +0200",
      "make_beryllium": "2023-07-24 17:45:35 +0200",
      "make_tellurium": "2023-07-24 17:49:46 +0200",
      "make_zirconium": "2023-07-24 17:48:34 +0200",
      "make_titanium": "2023-07-24 17:46:54 +0200",
      "make_rubidium": "2023-07-24 17:48:32 +0200",
      "make_manganese": "2023-07-24 17:46:56 +0200",
      "make_lithium": "2023-07-24 17:45:34 +0200",
      "make_molybdenum": "2023-07-24 17:48:35 +0200",
      "make_cadmium": "2023-07-24 17:49:43 +0200",
      "make_nickel": "2023-07-24 17:47:53 +0200",
      "make_uranium": "2023-05-03 21:59:08 +0200",
      "make_technetium": "2023-07-24 17:48:36 +0200",
      "make_helium": "2023-05-03 21:59:08 +0200",
      "make_indium": "2023-07-24 17:49:43 +0200",
      "make_gallium": "2023-07-24 17:47:55 +0200",
      "make_selenium": "2023-07-24 17:47:58 +0200",
      "make_sulfur": "2023-05-03 21:59:08 +0200",
      "make_tin": "2023-07-24 17:49:44 +0200",
      "make_zinc": "2023-07-24 17:47:55 +0200",
      "make_krypton": "2023-07-24 17:47:59 +0200",
      "make_cobalt": "2023-07-24 17:46:58 +0200",
      "make_silicon": "2023-07-24 17:46:17 +0200",
      "make_aluminium": "2023-07-24 17:46:16 +0200",
      "make_antimony": "2023-07-24 17:49:45 +0200",
      "make_phosphorus": "2023-07-24 17:46:18 +0200",
      "make_magnesium": "2023-07-24 17:46:16 +0200",
      "make_calcium": "2023-07-24 17:46:52 +0200",
      "make_rhodium": "2023-07-24 17:48:38 +0200",
      "make_fluorine": "2023-07-24 17:45:40 +0200",
      "make_copper": "2023-07-24 17:47:54 +0200",
      "make_potassium": "2023-07-24 17:46:51 +0200",
      "make_hydrogen": "2023-05-03 21:59:08 +0200",
      "make_argon": "2023-07-24 17:46:21 +0200",
      "make_neon": "2023-07-24 17:46:13 +0200",
      "make_vanadium": "2023-07-24 17:46:54 +0200"
    },
    "done": false
  },
  "minelabs:atoms/obtain_chlorine": {
    "criteria": {
      "make_chlorine": "2023-05-03 21:59:08 +0200"
    },
    "done": true
  },
  "minelabs:basic/search_drawers_and_cabin": {
    "criteria": {
      "use_lab_cabin": "2023-05-03 22:00:25 +0200",
      "use_lab_drawers": "2023-05-03 22:00:23 +0200"
    },
    "done": true
  },
  "minecraft:recipes/decorations/grindstone": {
    "criteria": {
      "has_stone_slab": "2023-05-03 22:10:29 +0200"
    },
    "done": true
  },
  "minelabs:basic/enter_subatomic_dimension": {
    "criteria": {
      "enter_subatomic_dimension": "2023-05-03 22:11:26 +0200"
    },
    "done": true
  },
  "minelabs:root_enter_subatomic_dimension": {
    "criteria": {
      "enter_subatomic_dimension": "2023-05-03 22:11:26 +0200"
    },
    "done": true
  },
  "minecraft:recipes/decorations/crafting_table": {
    "criteria": {
      "unlock_right_away": "2023-07-24 17:07:28 +0200"
    },
    "done": true
  },
  "minelabs:atoms/obtain_aluminium": {
    "criteria": {
      "make_aluminium": "2023-07-24 17:46:16 +0200"
    },
    "done": true
  },
  "minelabs:atoms/obtain_magnesium": {
    "criteria": {
      "make_magnesium": "2023-07-24 17:46:16 +0200"
    },
    "done": true
  },
  "minelabs:basic/place_erlenmeyer": {
    "criteria": {
      "place_erlenmeyer": "2023-07-24 17:26:53 +0200"
    },
    "done": true
  },
  "minelabs:molecules/make_noble_gas": {
    "criteria": {
      "make_helium": "2023-07-24 17:32:37 +0200"
    },
    "done": true
  },
  "minelabs:atoms/obtain_copper": {
    "criteria": {
      "make_copper": "2023-07-24 17:47:54 +0200"
    },
    "done": true
  },
  "minelabs:atoms/obtain_calcium": {
    "criteria": {
      "make_calcium": "2023-07-24 17:46:52 +0200"
    },
    "done": true
  },
  "minelabs:atoms/obtain_silicon": {
    "criteria": {
      "make_silicon": "2023-07-24 17:46:17 +0200"
    },
    "done": true
  },
  "minelabs:atoms/obtain_manganese": {
    "criteria": {
      "make_manganese": "2023-07-24 17:46:56 +0200"
    },
    "done": true
  },
  "minelabs:molecules/make_ch4": {
    "criteria": {
      "make_methane": "2023-07-24 17:34:12 +0200"
    },
    "done": true
  },
  "minelabs:atoms/obtain_neon": {
    "criteria": {
      "make_neon": "2023-07-24 17:46:13 +0200"
    },
    "done": true
  },
  "minelabs:atoms/obtain_nitrogen": {
    "criteria": {
      "make_nitrogen": "2023-07-24 17:45:38 +0200"
    },
    "done": true
  },
  "minelabs:atoms/obtain_bromine": {
    "criteria": {
      "make_bromine": "2023-07-24 17:47:49 +0200"
    },
    "done": true
  },
  "minelabs:atoms/obtain_fluorine": {
    "criteria": {
      "make_fluorine": "2023-07-24 17:45:40 +0200"
    },
    "done": true
  },
  "minelabs:basic/use_lewis_crafting_table": {
    "criteria": {
      "use_lewis_crafting_table": "2023-07-24 17:45:19 +0200"
    },
    "done": true
  },
  "minelabs:molecules/make_water": {
    "criteria": {
      "make_water": "2023-07-24 17:33:25 +0200"
    },
    "done": true
  },
  "minelabs:basic/obtain_3_quarks": {
    "criteria": {
      "obtain_blue_quark": "2023-07-24 17:39:33 +0200",
      "obtain_green_quark": "2023-07-24 17:39:33 +0200",
      "obtain_red_quark": "2023-07-24 17:39:31 +0200"
    },
    "done": true
  },
  "minelabs:atoms/obtain_carbon": {
    "criteria": {
      "make_carbon": "2023-07-24 17:45:37 +0200"
    },
    "done": true
  },
  "minelabs:basic/obtain_a_quark": {
    "criteria": {
      "obtain_a_quark": "2023-07-24 17:39:31 +0200"
    },
    "done": true
  },
  "minelabs:atoms/obtain_phosphorus": {
    "criteria": {
      "make_phosphorus": "2023-07-24 17:46:18 +0200"
    },
    "done": true
  },
  "minecraft:recipes/decorations/glow_item_frame": {
    "criteria": {
      "has_item_frame": "2023-07-24 17:53:13 +0200"
    },
    "done": true
  },
  "minelabs:atoms/obtain_boron": {
    "criteria": {
      "make_boron": "2023-07-24 17:45:36 +0200"
    },
    "done": true
  },
  "minelabs:atoms/obtain_silver": {
    "criteria": {
      "make_silver": "2023-07-24 17:49:42 +0200"
    },
    "done": true
  },
  "minelabs:atoms/obtain_iron": {
    "criteria": {
      "make_iron": "2023-07-24 17:46:57 +0200"
    },
    "done": true
  },
  "minelabs:molecules/make_n2o": {
    "criteria": {
      "make_n2o": "2023-07-24 17:32:31 +0200"
    },
    "done": true
  },
  "minelabs:atoms/obtain_iodine": {
    "criteria": {
      "make_iodine": "2023-07-24 17:49:47 +0200"
    },
    "done": true
  },
  "minelabs:atoms/obtain_argon": {
    "criteria": {
      "make_argon": "2023-07-24 17:46:21 +0200"
    },
    "done": true
  },
  "minelabs:atoms/obtain_titanium": {
    "criteria": {
      "make_titanium": "2023-07-24 17:46:54 +0200"
    },
    "done": true
  },
  "minelabs:atoms/obtain_oxygen": {
    "criteria": {
      "make_oxygen": "2023-07-24 17:45:39 +0200"
    },
    "done": true
  },
  "minelabs:atoms/obtain_zinc": {
    "criteria": {
      "make_zinc": "2023-07-24 17:47:55 +0200"
    },
    "done": true
  },
  "minelabs:molecules/make_no_no2": {
    "criteria": {
      "make_no": "2023-07-24 17:34:21 +0200",
      "make_no2": "2023-07-24 17:34:26 +0200"
    },
    "done": true
  },
  "minelabs:molecules/make_n2_o2": {
    "criteria": {
      "make_o2": "2023-07-24 17:34:06 +0200",
      "make_n2": "2023-07-24 17:34:10 +0200"
    },
    "done": true
  },
  "minelabs:molecules/make_h2": {
    "criteria": {
      "make_h2": "2023-07-24 17:34:13 +0200"
    },
    "done": true
  },
  "minelabs:basic/place_electric_field_sensor": {
    "criteria": {
      "place_electric_field_sensor": "2023-07-24 17:13:11 +0200"
    },
    "done": true
  },
  "minelabs:atoms/obtain_beryllium": {
    "criteria": {
      "make_beryllium": "2023-07-24 17:45:35 +0200"
    },
    "done": true
  },
  "minelabs:molecules/make_he": {
    "criteria": {
      "make_helium": "2023-07-24 17:32:37 +0200"
    },
    "done": true
  },
  "minelabs:atoms/obtain_sodium": {
    "criteria": {
      "make_sodium": "2023-07-24 17:46:14 +0200"
    },
    "done": true
  },
  "minelabs:molecules/make_cl2": {
    "criteria": {
      "make_cl2": "2023-07-24 17:34:27 +0200"
    },
    "done": true
  },
  "minelabs:atoms/obtain_tin": {
    "criteria": {
      "make_tin": "2023-07-24 17:49:44 +0200"
    },
    "done": true
  },
  "minelabs:molecules/make_co2": {
    "criteria": {
      "make_co2": "2023-07-24 17:32:25 +0200"
    },
    "done": true
  },
  "minelabs:atoms/obtain_potassium": {
    "criteria": {
      "make_potassium": "2023-07-24 17:46:51 +0200"
    },
    "done": true
  },
  "minelabs:atoms/obtain_cadmium": {
    "criteria": {
      "make_cadmium": "2023-07-24 17:49:43 +0200"
    },
    "done": true
  },
  "minelabs:atoms/obtain_lithium": {
    "criteria": {
      "make_lithium": "2023-07-24 17:45:34 +0200"
    },
    "done": true
  },
  "minelabs:atoms/obtain_strontium": {
    "criteria": {
      "make_strontium": "2023-07-24 17:48:33 +0200"
    },
    "done": true
  },
  "minelabs:molecules/make_hcl": {
    "criteria": {
      "make_hcl": "2023-07-24 17:32:35 +0200"
    },
    "done": true
  },
  "DataVersion": 3337
}