{"stats":{"minecraft:used":{"minelabs:pion_minus":3,"minecraft:cracked_stone_bricks":1,"minecraft:mossy_stone_bricks":4,"minelabs:lab_drawer":1,"minecraft:campfire":3,"minelabs:lab_sink":1,"minecraft:painting":34,"minelabs:lab_cabin":1,"minecraft:polished_diorite":1},"minecraft:custom":{"minecraft:open_barrel":2,"minecraft:time_since_rest":11985,"minecraft:crouch_one_cm":546,"minecraft:play_time":11985,"minecraft:sprint_one_cm":991,"minecraft:walk_one_cm":6925,"minecraft:interact_with_campfire":1,"minecraft:sneak_time":401,"minecraft:jump":19,"minecraft:leave_game":1,"minecraft:time_since_death":11985,"minecraft:total_world_time":13739,"minecraft:fly_one_cm":41442},"minecraft:picked_up":{"minelabs:potassium_nitrate_dust":64,"minelabs:potassium_chloride_dust":64,"minelabs:sodium_carbonate_dust":64,"minelabs:borax_dust":64,"minelabs:boric_acid":64,"minelabs:strontium_chloride_dust":64,"minelabs:erlenmeyer":1,"minelabs:potassium_sulfate_dust":64,"minelabs:copper_chloride_dust":64,"minelabs:magnesium_sulfate_dust":128,"minelabs:calcium_chloride_dust":64,"minelabs:strontium_nitrate_dust":64,"minelabs:copper_sulfate_dust":64,"minelabs:lithium_chloride_dust":64,"minelabs:atom_portal":2}},"DataVersion":3120}