{"stats":{"minecraft:used":{"minecraft:moss_block":9,"minecraft:oak_fence":24,"minecraft:netherite_sword":49,"minelabs:neutrino":1,"minecraft:armor_stand":2,"minecraft:redstone":2,"minecraft:oak_sign":2,"minecraft:stone":1078,"minecraft:iron_sword":3,"minecraft:mossy_stone_brick_slab":15,"minelabs:proton":8,"minecraft:dirt":581,"minelabs:electron":6,"minelabs:burner":4,"minelabs:salt_block":25,"minelabs:positron":2,"minecraft:polished_diorite":189,"minelabs:salt_crystal":4,"minelabs:pion_minus":1,"minelabs:anti_proton":2,"minecraft:stone_brick_slab":3,"minecraft:sea_lantern":6,"minecraft:lava_bucket":28,"minecraft:coal_ore":36,"minecraft:villager_spawn_egg":2,"minecraft:red_wool":1,"minecraft:lantern":7,"minecraft:grass_block":2240,"minecraft:rooted_dirt":5,"minecraft:birch_sapling":43,"minecraft:barrel":39,"minecraft:stone_bricks":366,"minelabs:pion_nul":4,"minecraft:bedrock":125,"minelabs:bohr_block":11,"minecraft:oak_sapling":64,"minelabs:electric_field_sensor":30,"minecraft:podzol":32,"minecraft:mossy_stone_bricks":52,"minecraft:water_bucket":24,"minecraft:diorite":101,"minecraft:iron_ore":12,"minecraft:cobblestone_stairs":2,"minelabs:budding_salt_block":3,"minecraft:mossy_stone_brick_stairs":11,"minecraft:composter":1,"minecraft:gold_ore":8,"minelabs:small_salt_crystal":2,"minecraft:cracked_stone_bricks":58,"minecraft:oak_leaves":10,"minecraft:mossy_cobblestone":32,"minelabs:lab_drawer":10,"minecraft:vine":23,"minecraft:crafting_table":2,"minelabs:pion_plus":4,"minecraft:painting":42,"minecraft:deepslate_lapis_ore":2,"minecraft:redstone_torch":4,"minecraft:oak_log":5,"minecraft:piston":4,"minecraft:command_block":2,"minecraft:oak_button":1,"minecraft:barrier":1024,"minecraft:lapis_ore":12,"minecraft:stone_slab":10,"minelabs:lab_cabin":10,"minecraft:spruce_sapling":22,"minelabs:mologram":5,"minecraft:chiseled_stone_bricks":1,"minecraft:cobblestone":31,"minelabs:salt":1,"minelabs:weak_boson":1,"minelabs:time_freeze_block":4,"minecraft:coarse_dirt":84,"minecraft:warped_button":1,"minecraft:bone_meal":301,"minecraft:cobweb":7},"minecraft:killed":{"minelabs:entropy_creeper":1,"minecraft:villager":16},"minecraft:picked_up":{"minelabs:gluon":960,"minelabs:erlenmeyer_ar":64,"minecraft:azure_bluet":1,"minelabs:erlenmeyer_no2":192,"minelabs:proton":526,"minelabs:anti_downquark_blue":128,"minelabs:mercury_atom":64,"minelabs:weak_boson":513,"minelabs:strontium_nitrate_dust":192,"minelabs:erlenmeyer_sicl4":1,"minecraft:cornflower":1,"minelabs:pion_minus":256,"minelabs:anti_upquark_red":128,"minelabs:upquark_green":128,"minelabs:boric_acid":192,"minelabs:salt":64,"minelabs:strontium_chloride_dust":192,"minelabs:erlenmeyer":320,"minelabs:erlenmeyer_ch4":128,"minelabs:downquark_green":128,"minelabs:erlenmeyer_o2":128,"minelabs:borax_dust":192,"minelabs:upquark_blue":128,"minelabs:positron":1216,"minelabs:erlenmeyer_cs2":1,"minelabs:tungsten_atom":64,"minelabs:erlenmeyer_co":192,"minelabs:uranium_atom":64,"minelabs:photon":384,"minelabs:helium_atom":64,"minelabs:potassium_nitrate_dust":128,"minelabs:potassium_chloride_dust":128,"minelabs:lens":1,"minelabs:erlenmeyer_ne":128,"minelabs:electric_field_sensor":194,"minelabs:antineutrino":256,"minelabs:anti_upquark_blue":128,"minelabs:boron_atom":1,"minelabs:copper_chloride_dust":128,"minelabs:erlenmeyer_he":128,"minelabs:erlenmeyer_ch4o":1,"minelabs:pion_plus":256,"minelabs:hydrogen_atom":64,"minelabs:bohr_block":64,"minelabs:anti_proton":577,"minelabs:erlenmeyer_n2o":192,"minelabs:time_freeze_block":192,"minecraft:barrier":3,"minelabs:safety_glasses":8,"minelabs:ash_dust":64,"minelabs:pion_nul":256,"minelabs:erlenmeyer_ccl4":1,"minelabs:erlenmeyer_co2":192,"minelabs:potassium_sulfate_dust":128,"minecraft:bedrock":1,"minelabs:iodine_atom":65,"minelabs:chlorine_atom":64,"minelabs:erlenmeyer_pcl3":1,"minecraft:lantern":1,"minelabs:erlenmeyer_hcl":192,"minelabs:neutron":785,"minelabs:neutrino":384,"minelabs:big_lens":1,"minelabs:erlenmeyer_cl2":192,"minelabs:erlenmeyer_h2o":3,"minecraft:wheat_seeds":4,"minelabs:erlenmeyer_hcn":1,"minelabs:anti_neutron":576,"minelabs:erlenmeyer_nh3":192,"minelabs:oxygen_atom":64,"minelabs:lab_coat":8,"minelabs:downquark_red":128,"minelabs:upquark_red":128,"minelabs:downquark_blue":128,"minelabs:anti_downquark_red":128,"minelabs:erlenmeyer_n2":128,"minelabs:anti_upquark_green":128,"minelabs:sulfur_atom":64,"minelabs:calcium_chloride_dust":192,"minelabs:erlenmeyer_h2":129,"minelabs:copper_sulfate_dust":192,"minecraft:mossy_cobblestone":1,"minelabs:anti_downquark_green":128,"minelabs:erlenmeyer_no":65,"minelabs:sodium_carbonate_dust":192,"minelabs:erlenmeyer_hno3":67,"minelabs:phosphorus_atom":65,"minelabs:erlenmeyer_ncl3":1,"minelabs:silicon_atom":1,"minelabs:magnesium_sulfate_dust":192,"minelabs:copper_atom":64,"minelabs:electron":1245,"minelabs:lithium_chloride_dust":192},"minecraft:dropped":{"minecraft:mossy_cobblestone":1,"minecraft:barrier":3,"minecraft:bedrock":1,"minecraft:grass_block":5,"minecraft:dirt":2,"minelabs:anti_proton":1,"minecraft:potion":12,"minecraft:bone_meal":1,"minelabs:proton":1,"minecraft:birch_sapling":1,"minelabs:safety_glasses":1,"minecraft:stone":1,"minecraft:oak_sapling":1,"minecraft:stone_bricks":1,"minecraft:iron_ore":1},"minecraft:custom":{"minecraft:mob_kills":17,"minecraft:interact_with_crafting_table":2,"minecraft:open_barrel":314,"minecraft:interact_with_campfire":1,"minecraft:leave_game":20,"minecraft:time_since_death":27144,"minecraft:climb_one_cm":305,"minecraft:sprint_one_cm":76641,"minecraft:walk_one_cm":416421,"minecraft:drop":33,"minecraft:talked_to_villager":3,"minecraft:play_time":462140,"minecraft:deaths":2,"minecraft:sneak_time":10269,"minecraft:jump":618,"minecraft:walk_on_water_one_cm":317,"minecraft:total_world_time":462164,"minecraft:time_since_rest":27168,"minecraft:damage_dealt":3290,"minecraft:fly_one_cm":1534216,"minecraft:open_chest":2,"minecraft:crouch_one_cm":12894,"minecraft:fall_one_cm":209}},"DataVersion":3120}