{"stats":{"minecraft:mined":{"minecraft:polished_diorite":4,"minecraft:stone_bricks":7,"minecraft:stone":1},"minecraft:custom":{"minecraft:jump":4,"minecraft:time_since_rest":180329,"minecraft:leave_game":1,"minecraft:sprint_one_cm":311,"minecraft:play_time":180329,"minecraft:damage_taken":10,"minecraft:time_since_death":180329,"minecraft:walk_one_cm":19462,"minecraft:total_world_time":180329,"minecraft:open_barrel":2},"minecraft:picked_up":{"minelabs:neutron":14,"minelabs:silicon_atom":2,"minelabs:oxygen_atom":7,"minelabs:proton":25,"minelabs:carbon_atom":2},"minecraft:used":{"minelabs:lasertool_gold":15}},"DataVersion":3120}