{"stats":{"minecraft:dropped":{"minecraft:mossy_cobblestone":1,"minecraft:birch_sapling":1,"minecraft:barrier":3,"minecraft:bedrock":1,"minecraft:grass_block":5,"minecraft:dirt":2,"minecraft:stone":1,"minecraft:oak_sapling":1,"minecraft:potion":12,"minecraft:stone_bricks":1,"minecraft:bone_meal":1,"minecraft:iron_ore":1},"minecraft:custom":{"minecraft:mob_kills":17,"minecraft:interact_with_crafting_table":3,"minecraft:open_barrel":372,"minecraft:interact_with_campfire":1,"minecraft:leave_game":22,"minecraft:time_since_death":79855,"minecraft:climb_one_cm":780,"minecraft:time_since_rest":79879,"minecraft:sprint_one_cm":87685,"minecraft:walk_one_cm":461242,"minecraft:drop":33,"minecraft:damage_dealt":3290,"minecraft:talked_to_villager":6,"minecraft:fly_one_cm":1613314,"minecraft:open_chest":3,"minecraft:crouch_one_cm":13686,"minecraft:play_time":514851,"minecraft:deaths":2,"minecraft:sneak_time":11546,"minecraft:jump":689,"minecraft:walk_on_water_one_cm":317,"minecraft:total_world_time":515572,"minecraft:fall_one_cm":209},"minecraft:picked_up":{"minelabs:time_freeze_block":192,"minelabs:atom/gallium_atom":64,"minecraft:barrier":3,"minecraft:azure_bluet":1,"minelabs:atom/germanium_atom":64,"minecraft:bedrock":1,"minecraft:cornflower":1,"minelabs:atom/zinc_atom":64,"minecraft:lantern":1,"minelabs:erlenmeyer/erlenmeyer":512,"minecraft:oak_sign":1,"minecraft:wheat_seeds":4,"minelabs:atom/bromine_atom":64,"minecraft:redstone_torch":1,"minelabs:atom/selenium_atom":64,"minelabs:atom/krypton_atom":64,"minecraft:redstone":2,"minelabs:atom/nickel_atom":64,"minecraft:mossy_cobblestone":1,"minelabs:salt/salt_shard":2,"minelabs:atom/copper_atom":64,"minelabs:electric_field_sensor":194,"minelabs:atom/arsenic_atom":64,"minelabs:bohr_block":64},"minecraft:used":{"minecraft:oak_fence":28,"minecraft:moss_block":9,"minecraft:mossy_stone_bricks":60,"minecraft:water_bucket":24,"minecraft:netherite_sword":49,"minecraft:diorite":112,"minecraft:iron_ore":12,"minecraft:cobblestone_stairs":2,"minecraft:flint_and_steel":1,"minecraft:armor_stand":2,"minecraft:redstone":2,"minelabs:salt/budding_salt_block":5,"minecraft:oak_sign":2,"minelabs:salt/salt_block":79,"minelabs:lab/burner":3,"minelabs:lab/lab_drawer":12,"minecraft:mossy_stone_brick_stairs":13,"minecraft:stone":1376,"minecraft:iron_sword":3,"minecraft:composter":1,"minelabs:lab/lab_cabin":14,"minecraft:gold_ore":8,"minecraft:mossy_stone_brick_slab":16,"minelabs:subatomic/electron":1,"minelabs:lab/lab_center":15,"minecraft:cracked_stone_bricks":68,"minecraft:oak_leaves":10,"minecraft:glow_item_frame":2,"minecraft:mossy_cobblestone":44,"minecraft:dirt":581,"minecraft:vine":23,"minecraft:crafting_table":2,"minecraft:painting":56,"minelabs:lab/tuberack":4,"minelabs:lab/lab_sink":5,"minecraft:deepslate_lapis_ore":2,"minecraft:polished_diorite":190,"minelabs:subatomic/positron":2,"minecraft:redstone_torch":4,"minecraft:oak_log":5,"minelabs:salt/large_salt_crystal":3,"minelabs:salt/salt_crystal":2,"minecraft:piston":4,"minecraft:stone_brick_slab":3,"minecraft:sea_lantern":6,"minecraft:lava_bucket":28,"minecraft:coal_ore":36,"minecraft:villager_spawn_egg":2,"minecraft:command_block":2,"minecraft:red_wool":1,"minecraft:lantern":7,"minecraft:grass_block":2278,"minecraft:rooted_dirt":5,"minecraft:oak_button":1,"minecraft:barrier":1079,"minecraft:birch_sapling":43,"minecraft:lapis_ore":12,"minecraft:stone_slab":10,"minecraft:spruce_sapling":22,"minelabs:lab/microscope":4,"minelabs:mologram":5,"minecraft:barrel":48,"minecraft:stone_bricks":382,"minecraft:item_frame":5,"minecraft:bedrock":127,"minecraft:chiseled_stone_bricks":1,"minelabs:lab/lab_coat":1,"minecraft:cobblestone":31,"minelabs:lab/lab_corner":13,"minelabs:bohr_block":12,"minecraft:oak_sapling":64,"minelabs:electric_field_sensor":31,"minecraft:podzol":32,"minelabs:lab/erlenmeyer_stand":9,"minelabs:time_freeze_block":4,"minecraft:coarse_dirt":84,"minecraft:warped_button":1,"minelabs:salt/medium_salt_crystal":2,"minecraft:bone_meal":301,"minecraft:cobweb":7},"minecraft:killed":{"minelabs:entropy_creeper":1,"minecraft:villager":16}},"DataVersion":3337}