{"stats":{"minecraft:used":{"minelabs:anti_proton":35,"minelabs:proton":35,"minelabs:weak_boson":16,"minelabs:safety_glasses":1},"minecraft:custom":{"minecraft:open_barrel":5,"minecraft:time_since_rest":36800,"minecraft:crouch_one_cm":305,"minecraft:sprint_one_cm":595,"minecraft:play_time":37871,"minecraft:deaths":3,"minecraft:damage_taken":290,"minecraft:walk_one_cm":89167,"minecraft:sneak_time":403,"minecraft:jump":74,"minecraft:leave_game":10,"minecraft:time_since_death":36773,"minecraft:climb_one_cm":99,"minecraft:total_world_time":37871,"minecraft:fall_one_cm":1272,"minecraft:fly_one_cm":25087},"minecraft:picked_up":{"minelabs:safety_glasses":1,"minelabs:proton":1,"minelabs:antineutrino":11,"minelabs:photon":47,"minelabs:electron":11}},"DataVersion":3120}