{"stats":{"minecraft:custom":{"minecraft:time_since_rest":21220,"minecraft:crouch_one_cm":296,"minecraft:interact_with_campfire":2,"minecraft:play_time":21220,"minecraft:sprint_one_cm":559,"minecraft:walk_one_cm":27154,"minecraft:sneak_time":441,"minecraft:jump":18,"minecraft:leave_game":1,"minecraft:time_since_death":21220,"minecraft:total_world_time":22763,"minecraft:fly_one_cm":46370},"minecraft:used":{"minecraft:stone_bricks":236,"minecraft:cracked_stone_bricks":32,"minecraft:item_frame":57,"minecraft:moss_block":5,"minecraft:mossy_stone_bricks":27,"minelabs:lab_drawer":1,"minecraft:mossy_cobblestone":14,"minecraft:sea_lantern":8,"minecraft:vine":8,"minelabs:lab_corner":6,"minelabs:bohr_block":2,"minelabs:lab_center":3,"minecraft:campfire":1,"minelabs:lab_sink":1,"minelabs:lab_cabin":4,"minecraft:polished_diorite":193,"minecraft:mossy_stone_brick_slab":3},"minecraft:picked_up":{"minelabs:ash_dust":2}},"DataVersion":3120}