{"stats":{"minecraft:mined":{"minecraft:iron_ore":44,"minecraft:cracked_stone_bricks":15,"minecraft:gold_ore":8},"minecraft:custom":{"minecraft:time_since_rest":27342,"minecraft:sprint_one_cm":4226,"minecraft:walk_one_cm":40978,"minecraft:fly_one_cm":83351,"minecraft:open_barrel":43,"minecraft:crouch_one_cm":1133,"minecraft:play_time":27342,"minecraft:interact_with_campfire":4,"minecraft:sneak_time":871,"minecraft:jump":38,"minecraft:leave_game":1,"minecraft:time_since_death":27342,"minecraft:climb_one_cm":154,"minecraft:total_world_time":27361},"minecraft:used":{"minelabs:large_salt_crystal":1,"minelabs:salt_crystal":2,"minecraft:moss_block":6,"minecraft:mossy_stone_bricks":31,"minecraft:sea_lantern":14,"minecraft:iron_ore":8,"minelabs:budding_salt_block":1,"minecraft:stone":13,"minecraft:diamond_ore":5,"minecraft:barrel":22,"minecraft:gold_ore":6,"minecraft:mossy_stone_brick_slab":2,"minecraft:stone_bricks":180,"minelabs:small_salt_crystal":2,"minecraft:item_frame":3,"minecraft:cracked_stone_bricks":23,"minelabs:lasertool_diamond":67,"minecraft:mossy_cobblestone":16,"minecraft:cobblestone":5,"minecraft:vine":4,"minelabs:electron":4,"minelabs:bohr_block":4,"minelabs:electric_field_sensor":20,"minelabs:salt_block":1,"minecraft:painting":82,"minecraft:cobweb":7,"minecraft:polished_diorite":113},"minecraft:picked_up":{"minelabs:silver_atom":1,"minelabs:calcium_atom":8,"minelabs:positron":1792,"minelabs:proton":1901,"minelabs:iron_atom":3,"minelabs:sulfur_atom":129,"minelabs:iodine_atom":129,"minelabs:tungsten_atom":129,"minelabs:mercury_atom":129,"minelabs:uranium_atom":128,"minelabs:chlorine_atom":128,"minelabs:helium_atom":129,"minelabs:neutron":1958,"minelabs:phosphorus_atom":129,"minelabs:magnesium_atom":1,"minelabs:erlenmeyer":4,"minelabs:silicon_atom":4,"minelabs:copper_atom":129,"minelabs:oxygen_atom":171,"minelabs:electron":1901,"minelabs:hydrogen_atom":129,"minelabs:gold_atom":2,"minelabs:carbon_atom":8,"minelabs:bohr_block":105}},"DataVersion":3120}