{"stats":{"minecraft:mined":{"minecraft:polished_diorite":1,"minecraft:stone_bricks":8,"minecraft:stone":1,"minecraft:gold_ore":1,"minecraft:deepslate_lapis_ore":4},"minecraft:custom":{"minecraft:jump":14,"minecraft:time_since_rest":176861,"minecraft:leave_game":1,"minecraft:sprint_one_cm":11663,"minecraft:play_time":176861,"minecraft:time_since_death":176861,"minecraft:walk_one_cm":18120,"minecraft:climb_one_cm":746,"minecraft:total_world_time":176861,"minecraft:fly_one_cm":806,"minecraft:open_barrel":1},"minecraft:picked_up":{"minelabs:silicon_atom":2,"minelabs:oxygen_atom":5,"minelabs:calcium_atom":2,"minelabs:magnesium_atom":1},"minecraft:used":{"minelabs:lasertool_iron":15}},"DataVersion":3120}