{"stats":{"minecraft:crafted":{"minelabs:anti_proton":1,"minelabs:neutron":1,"minelabs:anti_neutron":1,"minelabs:proton":1},"minecraft:mined":{"minecraft:diamond_ore":19,"minelabs:salt_crystal":1,"minecraft:grass_block":54,"minecraft:cobblestone":20,"minelabs:photon_quantumfield":1,"minecraft:polished_diorite":8,"minelabs:neutrino_quantumfield":1,"minelabs:electron_quantumfield":4,"minecraft:iron_ore":4,"minecraft:oak_log":15,"minecraft:dirt":4,"minecraft:stone":11,"minecraft:gold_ore":17},"minecraft:dropped":{"minelabs:lasertool_diamond":1,"minelabs:salt":64,"minelabs:anti_neutron":1,"minecraft:bone_meal":1},"minecraft:killed":{"minecraft:slime":21},"minecraft:custom":{"minecraft:mob_kills":21,"minecraft:interact_with_crafting_table":5,"minecraft:open_barrel":82,"minecraft:interact_with_campfire":27,"minecraft:leave_game":4,"minecraft:time_since_death":267471,"minecraft:climb_one_cm":1529,"minecraft:time_since_rest":267471,"minecraft:sprint_one_cm":10680,"minecraft:damage_taken":220,"minecraft:walk_one_cm":362995,"minecraft:drop":4,"minecraft:damage_dealt":480,"minecraft:fly_one_cm":185098,"minecraft:crouch_one_cm":1373,"minecraft:play_time":267471,"minecraft:sneak_time":1222,"minecraft:jump":173,"minecraft:walk_on_water_one_cm":6357,"minecraft:total_world_time":267471,"minecraft:fall_one_cm":2954},"minecraft:used":{"minecraft:mossy_stone_bricks":2,"minecraft:iron_ore":1,"minelabs:erlenmeyer_ch4":2,"minelabs:erlenmeyer_nh3":4,"minecraft:gold_ore":4,"minelabs:proton":9,"minecraft:mossy_cobblestone":3,"minelabs:lab_corner":1,"minelabs:electron":10,"minelabs:erlenmeyer_h2":3,"minelabs:salt_block":6,"minelabs:anti_neutron":3,"minecraft:painting":16,"minecraft:polished_diorite":5,"minecraft:oak_log":3,"minelabs:anti_proton":3,"minelabs:lasertool_iron":1,"minecraft:grass_block":1,"minecraft:birch_sapling":3,"minelabs:erlenmeyer_h2o":7,"minecraft:diamond_ore":1,"minecraft:stone_bricks":10,"minelabs:lasertool_diamond":173,"minelabs:bohr_block":3,"minecraft:oak_sapling":10,"minelabs:electric_field_sensor":6,"minecraft:bucket":2,"minelabs:lab_sink":1,"minelabs:neutron":10,"minecraft:bone_meal":91,"minelabs:lasertool_gold":25},"minecraft:picked_up":{"minelabs:salt_shard":2,"minelabs:calcium_atom":8,"minelabs:ash_dust":23,"minelabs:proton":5,"minecraft:potion":34,"minelabs:neutron":5,"minelabs:neutrino":1,"minelabs:salt":64,"minelabs:erlenmeyer":1,"minelabs:aluminium_atom":3,"minelabs:anti_neutron":1,"minelabs:oxygen_atom":64,"minelabs:carbon_atom":16,"minelabs:positron":4,"minecraft:dandelion":1,"minelabs:photon":4,"minelabs:helium_atom":1,"minecraft:slime_ball":17,"minelabs:magnesium_atom":1,"minelabs:antineutrino":2,"minelabs:silicon_atom":5,"minelabs:electron":6,"minelabs:hydrogen_atom":12,"minelabs:gold_atom":2}},"DataVersion":3120}