{"stats":{"minecraft:dropped":{"minelabs:fluorine_atom":56,"minelabs:proton":128,"minelabs:calcium_atom":1,"minelabs:carbon_atom":16,"minelabs:erlenmeyer":1,"minecraft:lava_bucket":1,"minelabs:anti_proton":65,"minelabs:aluminium_atom":2,"minelabs:silicon_atom":1,"minelabs:electric_field_sensor":3,"minelabs:chlorine_atom":64,"minelabs:neutron":1},"minecraft:mined":{"minecraft:diamond_ore":24,"minelabs:electric_field_sensor":28,"minecraft:mossy_cobblestone":3,"minelabs:gluon_quantumfield":16,"minelabs:weak_boson_quantumfield":6,"minecraft:crafting_table":1,"minecraft:grass_block":48,"minelabs:anti_proton":1,"minecraft:cobblestone":1,"minecraft:polished_diorite":3,"minecraft:diorite":7,"minecraft:rooted_dirt":3,"minelabs:neutrino_quantumfield":2,"minecraft:coarse_dirt":1,"minelabs:electron":2,"minelabs:electron_quantumfield":29,"minecraft:iron_ore":21,"minecraft:birch_log":21,"minecraft:deepslate_lapis_ore":35,"minelabs:proton":1,"minecraft:oak_log":163,"minelabs:downquark_quantumfield":8,"minecraft:dirt":9,"minecraft:stone_bricks":8,"minelabs:upquark_quantumfield":7,"minecraft:mossy_stone_bricks":2,"minecraft:gold_ore":248,"minelabs:time_freeze_block":1,"minecraft:deepslate_emerald_ore":2},"minecraft:killed":{"minecraft:slime":31},"minecraft:custom":{"minecraft:mob_kills":31,"minecraft:interact_with_crafting_table":19,"minecraft:open_barrel":47,"minecraft:interact_with_campfire":40,"minecraft:leave_game":20,"minecraft:time_since_death":815732,"minecraft:climb_one_cm":2382,"minecraft:time_since_rest":815732,"minecraft:sprint_one_cm":175596,"minecraft:damage_taken":160,"minecraft:walk_one_cm":701389,"minecraft:drop":25,"minecraft:damage_dealt":819,"minecraft:fly_one_cm":137916,"minecraft:open_chest":15,"minecraft:crouch_one_cm":997,"minecraft:play_time":815732,"minecraft:sneak_time":4547,"minecraft:walk_under_water_one_cm":302,"minecraft:jump":263,"minecraft:walk_on_water_one_cm":6325,"minecraft:total_world_time":927454,"minecraft:fall_one_cm":544},"minecraft:picked_up":{"minelabs:anti_proton":513,"minelabs:gluon":13,"minecraft:crafting_table":1,"minelabs:calcium_atom":44,"minelabs:ash_dust":33,"minelabs:iron_atom":5,"minelabs:proton":579,"minelabs:anti_downquark_blue":1,"minecraft:oak_log":1,"minelabs:lasertool_gold":5,"minelabs:weak_boson":11,"minelabs:chlorine_atom":64,"minelabs:sodium_atom":1,"minelabs:neutron":516,"minelabs:anti_upquark_red":1,"minelabs:neutrino":1,"minelabs:upquark_green":2,"minelabs:erlenmeyer_h2o":2,"minelabs:salt":3,"minelabs:erlenmeyer":1,"minelabs:aluminium_atom":7,"minelabs:anti_neutron":448,"minelabs:lasertool_diamond":5,"minelabs:oxygen_atom":300,"minelabs:potassium_atom":2,"minelabs:carbon_atom":203,"minelabs:downquark_red":3,"minelabs:downquark_blue":1,"minelabs:anti_downquark_red":3,"minelabs:upquark_blue":2,"minelabs:positron":25,"minelabs:sulfur_atom":1,"minecraft:lava_bucket":1,"minelabs:calcium_chloride_dust":1,"minelabs:photon":16,"minelabs:helium_atom":3,"minelabs:erlenmeyer_hno3":5,"minecraft:slime_ball":27,"minelabs:erlenmeyer_ncl3":1,"minelabs:lasertool_iron":4,"minelabs:magnesium_atom":1,"minelabs:electric_field_sensor":1,"minelabs:antineutrino":3,"minelabs:anti_upquark_blue":2,"minecraft:bone_meal":1,"minelabs:silicon_atom":20,"minelabs:electron":56,"minelabs:hydrogen_atom":63,"minelabs:lithium_chloride_dust":1,"minelabs:gold_atom":37,"minelabs:lithium_atom":4,"minelabs:fluorine_atom":56},"minecraft:used":{"minecraft:deepslate_emerald_ore":1,"minecraft:water_bucket":1,"minecraft:diorite":2,"minelabs:erlenmeyer_hno3":3,"minelabs:erlenmeyer_formaldehyde":2,"minecraft:chest":1,"minecraft:gold_ore":32,"minelabs:proton":171,"minecraft:dirt":3,"minelabs:electron":235,"minecraft:crafting_table":5,"minelabs:anti_neutron":2,"minecraft:campfire":1,"minelabs:salt_block":12,"minelabs:erlenmeyer_no2":3,"minecraft:deepslate_lapis_ore":4,"minelabs:positron":30,"minecraft:polished_diorite":24,"minelabs:erlenmeyer_cl2":4,"minecraft:oak_log":5,"minelabs:anti_proton":9,"minecraft:sea_lantern":3,"minelabs:lasertool_iron":391,"minelabs:erlenmeyer_stand":1,"minecraft:grass_block":57,"minelabs:lewis_block":6,"minecraft:diamond_ore":1,"minelabs:erlenmeyer_h2o":14,"minelabs:mologram":13,"minecraft:barrel":1,"minecraft:stone_bricks":1,"minelabs:lasertool_diamond":239,"minelabs:bohr_block":10,"minelabs:lab_sink":3,"minecraft:poisonous_potato":1,"minelabs:electric_field_sensor":635,"minecraft:birch_log":3,"minelabs:salt":12,"minelabs:time_freeze_block":12,"minelabs:weak_boson":4,"minelabs:erlenmeyer_co2":6,"minelabs:neutron":78,"minecraft:potato":11,"minelabs:microscope":1,"minelabs:lasertool_gold":19},"minecraft:crafted":{"minelabs:pion_minus":1,"minelabs:pion_nul":1,"minelabs:pion_plus":1,"minelabs:neutron":3,"minelabs:anti_neutron":3,"minelabs:proton":6}},"DataVersion":3120}