{"stats":{"minecraft:crafted":{"minelabs:anti_proton":1,"minelabs:neutron":1},"minecraft:mined":{"minecraft:diamond_ore":6,"minecraft:iron_ore":2,"minecraft:oak_log":16,"minelabs:downquark_quantumfield":2,"minecraft:cobblestone":1,"minecraft:stone":21,"minecraft:gold_ore":10,"minecraft:diorite":3},"minecraft:killed":{"minecraft:trader_llama":2,"minecraft:wandering_trader":1},"minecraft:custom":{"minecraft:time_since_rest":243428,"minecraft:sprint_one_cm":21506,"minecraft:damage_taken":310,"minecraft:walk_one_cm":263623,"minecraft:mob_kills":3,"minecraft:damage_dealt":589,"minecraft:interact_with_crafting_table":5,"minecraft:talked_to_villager":1,"minecraft:fly_one_cm":348192,"minecraft:open_barrel":114,"minecraft:crouch_one_cm":2353,"minecraft:play_time":243428,"minecraft:interact_with_campfire":10,"minecraft:sneak_time":1771,"minecraft:jump":245,"minecraft:leave_game":11,"minecraft:time_since_death":243428,"minecraft:walk_on_water_one_cm":213,"minecraft:total_world_time":243428,"minecraft:climb_one_cm":725},"minecraft:used":{"minelabs:erlenmeyer_o2":1,"minecraft:grass_block":3,"minecraft:barrier":178,"minelabs:lab_cabin":1,"minecraft:barrel":3,"minelabs:lasertool_diamond":59,"minelabs:lab_drawer":3,"minecraft:bedrock":1,"minelabs:proton":1,"minecraft:diamond_sword":10,"minecraft:dirt":17,"minelabs:electron":16,"minelabs:erlenmeyer_n2o":1,"minelabs:lab_sink":2,"minelabs:time_freeze_block":1,"minelabs:electric_field_sensor":11,"minelabs:safety_glasses":1,"minecraft:magenta_glazed_terracotta":3,"minelabs:salt":4,"minecraft:splash_potion":1,"minelabs:positron":5,"minecraft:polished_diorite":2},"minecraft:picked_up":{"minelabs:upquark_red":128,"minelabs:downquark_blue":128,"minelabs:gluon":384,"minelabs:anti_downquark_red":128,"minelabs:upquark_blue":128,"minelabs:calcium_atom":4,"minelabs:ash_dust":7,"minecraft:lead":2,"minelabs:anti_upquark_green":128,"minelabs:anti_downquark_blue":128,"minecraft:grass_block":1,"minelabs:photon":6,"minelabs:helium_atom":128,"minelabs:nitrogen_atom":128,"minelabs:beryllium_atom":128,"minelabs:anti_downquark_green":129,"minelabs:neutron":1,"minelabs:anti_upquark_red":128,"minelabs:upquark_green":128,"minelabs:anti_upquark_blue":128,"minelabs:boron_atom":128,"minelabs:silicon_atom":1,"minelabs:oxygen_atom":151,"minelabs:potassium_atom":1,"minelabs:electron":2,"minelabs:hydrogen_atom":135,"minelabs:carbon_atom":138,"minelabs:downquark_green":129,"minelabs:lithium_atom":128,"minelabs:fluorine_atom":128,"minelabs:downquark_red":128}},"DataVersion":3120}